stage,oxygen_mg,saturation,kpa,temperature,dry_weight_g,mo2,mo2.1,mo2.2,mo2.3,mo2.4,kpa.mean
Adult,1,8.05,2.07,6,0.7493,0.044241219,0.0590434,0.00184626,1.846260147,1.383402728,2.36
Adult,1,8.05,2.07,6,0.7158,0.040805904,0.05700741,0.001782596,1.782595693,1.275981997,2.36
Adult,1,8.05,2.07,6,0.7982,0.041188824,0.051602134,0.001613575,1.613575179,1.287955708,2.36
Adult,1,8.05,2.07,6,0.7416,0.031380468,0.042314547,0.001323157,1.323156568,0.981252911,2.36
Adult,1,8.05,2.07,6,1.1033,0.031177598,0.028258495,0.00088363,0.883630248,0.974909252,2.36
Adult,1,8.05,2.07,6,0.9056,0.037417376,0.041317774,0.001291988,1.291987914,1.170024255,2.36
Adult,1,8.05,2.07,6,0.7493,0.029662815,0.039587368,0.001237879,1.237878923,0.927542677,2.36
Adult,1,8.05,2.07,6,1.0017,0.03414279,0.034084845,0.001065818,1.06581755,1.06762944,2.36
Adult,1,8.05,2.07,6,0.6962,0.031286233,0.044938571,0.001405209,1.405208585,0.978306217,2.36
Adult,1,8.05,2.07,6,0.9989,0.040721185,0.040766028,0.001274735,1.274735079,1.27333287,2.36
Embryo,1,8.05,2.07,6,0.000092,2.46E-06,0.026735404,0.000836004,0.836003869,7.69E-05,2.36
Embryo,1,8.05,2.07,6,0.000085,1.62E-06,0.019075822,0.000596492,0.596492255,5.07E-05,2.36
Embryo,1,8.05,2.07,6,0.000086,2.27E-06,0.026357443,0.000824185,0.824185223,7.09E-05,2.36
Embryo,1,8.05,2.07,6,0.000101,0.000003323,0.032900707,0.00102879,1.028790094,0.000103908,2.36
Embryo,1,8.05,2.07,6,0.00008657,1.89E-06,0.021807009,0.000681895,0.681895202,5.90E-05,2.36
Embryo,1,8.05,2.07,6,0.000106,2.66E-06,0.025097282,0.000784781,0.784780539,8.32E-05,2.36
Embryo,1,8.05,2.07,6,0.000103,2.21E-06,0.021476382,0.000671557,0.671556672,6.92E-05,2.36
Embryo,1,8.05,2.07,6,0.000101,2.06E-06,0.020430306,0.000638846,0.638846345,6.45E-05,2.36
Embryo,1,8.05,2.07,6,0.000092,2.06E-06,0.022395406,0.000700294,0.700294124,6.44E-05,2.36
Embryo,1,8.05,2.07,6,0.000081,2.80E-06,0.034607001,0.001082145,1.082145135,8.77E-05,2.36
Juvenile,1,8.05,2.07,6,0.15101,0.00675,0.044699027,0.001397718,1.397718154,0.211069418,2.36
Juvenile,1,8.05,2.07,6,0.1576,0.00588,0.037309645,0.001166656,1.166655556,0.183864916,2.36
Juvenile,1,8.05,2.07,6,0.21712,0.006633443,0.030551965,0.000955346,0.955345995,0.207424722,2.36
Juvenile,1,8.05,2.07,6,0.14628,0.006583279,0.04500464,0.001407275,1.407274536,0.205856119,2.36
Juvenile,1,8.05,2.07,6,0.1437,0.006693626,0.046580559,0.001456553,1.456552824,0.209306641,2.36
Juvenile,1,8.05,2.07,6,0.14479,0.006687692,0.04618891,0.001444306,1.444306135,0.209121085,2.36
Juvenile,1,8.05,2.07,6,0.11872,0.006755934,0.056906453,0.001779439,1.779438797,0.211254974,2.36
Juvenile,1,8.05,2.07,6,0.16842,0.006687692,0.039708421,0.001241664,1.241664204,0.209121085,2.36
Juvenile,1,8.05,2.07,6,0.16599,0.006760442,0.040728008,0.001273546,1.273546205,0.211395935,2.36
Juvenile,1,8.05,2.07,6,0.15607,0.006684725,0.042831584,0.001339324,1.33932407,0.209028308,2.36
Megalopae,1,8.05,2.07,6,0.00078,9.98E-05,0.127908524,0.003999641,3.999641148,0.00311972,2.36
Megalopae,1,8.05,2.07,6,0.000806,8.41E-05,0.104401046,0.003264573,3.264573052,0.002631246,2.36
Megalopae,1,8.05,2.07,6,0.000744,0.00010635,0.142943899,0.004469791,4.469790463,0.003325524,2.36
Megalopae,1,8.05,2.07,6,0.00064,0.000092664,0.1447875,0.004527439,4.527439024,0.002897561,2.36
Megalopae,1,8.05,2.07,6,0.000758,0.00009372,0.123641161,0.003866203,3.866202656,0.002930582,2.36
Megalopae,1,8.05,2.07,6,0.000724,0.00011717,0.161836393,0.00506055,5.060550119,0.003663838,2.36
Megalopae,1,8.05,2.07,6,0.000712,0.000132243,0.185733962,0.005807816,5.807816185,0.004135165,2.36
Megalopae,1,8.05,2.07,6,0.000632,0.000121892,0.192867427,0.006030876,6.030876394,0.003811514,2.36
Megalopae,1,8.05,2.07,6,0.000714,0.000109558,0.153442322,0.004798071,4.798071369,0.003425823,2.36
Megalopae,1,8.05,2.07,6,0.000778,0.000137599,0.176862178,0.0055304,5.530399551,0.004302651,2.36
Adult,2,16.1,4.14,6,0.7005,0.075238091,0.107406269,0.003358545,3.358544994,2.352660768,4.71
Adult,2,16.1,4.14,6,0.8355,0.06206324,0.074282753,0.002322788,2.322787769,1.940689181,4.71
Adult,2,16.1,4.14,6,0.6239,0.069866798,0.111983969,0.003501688,3.501687575,2.184702878,4.71
Adult,2,16.1,4.14,6,0.5777,0.061156329,0.105861742,0.003310248,3.310248351,1.912330472,4.71
Adult,2,16.1,4.14,6,0.5881,0.065060057,0.110627542,0.003459273,3.459272731,2.034398293,4.71
Adult,2,16.1,4.14,6,0.5728,0.064085509,0.111881127,0.003498472,3.498471758,2.003924623,4.71
Adult,2,16.1,4.14,6,0.571,0.070225535,0.122986926,0.003845745,3.845745036,2.195920415,4.71
Adult,2,16.1,4.14,6,0.5796,0.074302222,0.128195691,0.004008621,4.008620717,2.323396567,4.71
Adult,2,16.1,4.14,6,0.5735,0.06422953,0.111995693,0.003502054,3.502054191,2.008428079,4.71
Adult,2,16.1,4.14,6,0.8236,0.025295945,0.030713872,0.000960409,0.960408745,0.790992642,4.71
Embryo,2,16.1,4.14,6,0.000085,2.18E-06,0.025597102,0.00080041,0.800409703,6.80E-05,4.71
Embryo,2,16.1,4.14,6,0.000091,3.34E-06,0.036681935,0.001147027,1.147027352,0.00010438,4.71
Embryo,2,16.1,4.14,6,0.000094,3.63E-06,0.038641085,0.001208289,1.208289084,0.000113579,4.71
Embryo,2,16.1,4.14,6,0.000071,3.52E-06,0.049607292,0.001551197,1.551197383,0.000110135,4.71
Embryo,2,16.1,4.14,6,0.00008,3.21E-06,0.040097749,0.001253838,1.253838311,0.000100307,4.71
Embryo,2,16.1,4.14,6,0.000085,1.75E-06,0.02058148,0.000643574,0.643573489,5.47E-05,4.71
Embryo,2,16.1,4.14,6,0.000101,2.94E-06,0.029103299,0.000910047,0.910046867,9.19E-05,4.71
Embryo,2,16.1,4.14,6,0.000082,2.05E-06,0.02498069,0.000781135,0.781134776,6.41E-05,4.71
Embryo,2,16.1,4.14,6,0.000083,2.98E-06,0.0359455,0.001123999,1.123999374,9.33E-05,4.71
Embryo,2,16.1,4.14,6,0.000086,1.46E-06,0.016950209,0.000530025,0.530025297,4.56E-05,4.71
Juvenile,2,16.1,4.14,6,0.0909,0.009334973,0.102694975,0.003211225,3.211224996,0.291900352,4.71
Juvenile,2,16.1,4.14,6,0.14629,0.009422567,0.064410191,0.002014077,2.014077268,0.294639364,4.71
Juvenile,2,16.1,4.14,6,0.20624,0.009384894,0.045504721,0.001422912,1.422911845,0.293461339,4.71
Juvenile,2,16.1,4.14,6,0.08905,0.009306064,0.104503805,0.003267786,3.267786271,0.290996367,4.71
Juvenile,2,16.1,4.14,6,0.09999,0.009409787,0.094107283,0.002942692,2.942691778,0.294239751,4.71
Juvenile,2,16.1,4.14,6,0.16198,0.00939754,0.058016669,0.001814155,1.814154765,0.293856789,4.71
Juvenile,2,16.1,4.14,6,0.08189,0.009477419,0.115733537,0.003618935,3.618934869,0.296354576,4.71
Juvenile,2,16.1,4.14,6,0.10296,0.009074839,0.088139459,0.002756081,2.756080648,0.283766064,4.71
Juvenile,2,16.1,4.14,6,0.10328,0.009351658,0.090546648,0.002831352,2.83135233,0.292422069,4.71
Juvenile,2,16.1,4.14,6,0.10745,0.009501064,0.088423116,0.002764951,2.764950474,0.297093928,4.71
Megalopae,2,16.1,4.14,6,0.000602,0.000105807,0.175759666,0.005495925,5.495924527,0.003308547,4.71
Megalopae,2,16.1,4.14,6,0.000754,0.000114241,0.151513305,0.004737752,4.737751888,0.003572265,4.71
Megalopae,2,16.1,4.14,6,0.00066,0.000115986,0.17573607,0.005495187,5.495186691,0.003626823,4.71
Megalopae,2,16.1,4.14,6,0.00071,0.000120109,0.169167121,0.005289779,5.289778635,0.003755743,4.71
Megalopae,2,16.1,4.14,6,0.000766,9.70E-05,0.12659744,0.003958644,3.958644165,0.003032321,4.71
Megalopae,2,16.1,4.14,6,0.00065,0.000122952,0.189157126,0.005914857,5.914856972,0.003844657,4.71
Megalopae,2,16.1,4.14,6,0.000758,0.000159607,0.210563711,0.006584231,6.584231108,0.004990847,4.71
Megalopae,2,16.1,4.14,6,0.00085,0.000108128,0.127209412,0.00397778,3.97778023,0.003381113,4.71
Megalopae,2,16.1,4.14,6,0.000666,8.11E-05,0.121820517,0.003809272,3.80927194,0.002536975,4.71
Megalopae,2,16.1,4.14,6,0.000836,0.000111582,0.133471728,0.0041736,4.173600001,0.00348913,4.71
Adult,4,32.21,8.29,6,0.9421,0.054315695,0.057653853,0.00180281,1.802809657,1.698426977,9.44
Adult,4,32.21,8.29,6,0.6568,0.068526536,0.104333947,0.003262475,3.262474876,2.142793499,9.44
Adult,4,32.21,8.29,6,0.6677,0.067983357,0.101817219,0.003183778,3.183777956,2.125808541,9.44
Adult,4,32.21,8.29,6,0.6274,0.053197085,0.084789744,0.002651337,2.651336587,1.663448575,9.44
Adult,4,32.21,8.29,6,0.6565,0.046650189,0.071058932,0.00222198,2.221980372,1.458730114,9.44
Adult,4,32.21,8.29,6,0.5981,0.050337716,0.084162708,0.00263173,2.631729458,1.574037389,9.44
Adult,4,32.21,8.29,6,0.6783,0.065772754,0.096967055,0.003032116,3.032115551,2.056683978,9.44
Adult,4,32.21,8.29,6,0.7916,0.066040886,0.083427092,0.002608727,2.608727067,2.065068346,9.44
Adult,4,32.21,8.29,6,0.8583,0.065559481,0.076382944,0.00238846,2.388459798,2.050015045,9.44
Adult,4,32.21,8.29,6,0.8303,0.068474667,0.08246979,0.002578793,2.578792684,2.141171566,9.44
Embryo,4,32.21,8.29,6,0.000092,5.08E-06,0.055222,0.001726767,1.726766717,0.000158863,9.44
Embryo,4,32.21,8.29,6,0.000086,5.48E-06,0.063708677,0.001992141,1.992141235,0.000171324,9.44
Embryo,4,32.21,8.29,6,0.000085,0.000003818,0.044917167,0.001404539,1.404539302,0.000119386,9.44
Embryo,4,32.21,8.29,6,0.000086,5.37E-06,0.062490335,0.001954044,1.954044254,0.000168048,9.44
Embryo,4,32.21,8.29,6,0.000086,5.01E-06,0.05826191,0.001821823,1.821823331,0.000156677,9.44
Embryo,4,32.21,8.29,6,0.000087,5.55E-06,0.063843382,0.001996353,1.996353394,0.000173683,9.44
Embryo,4,32.21,8.29,6,0.000106,5.03E-06,0.047482219,0.001484747,1.484747309,0.000157383,9.44
Embryo,4,32.21,8.29,6,0.000101,4.86E-06,0.048130885,0.001505031,1.505030791,0.000152008,9.44
Embryo,4,32.21,8.29,6,0.000105,5.04E-06,0.047998341,0.001500886,1.500886211,0.000157593,9.44
Embryo,4,32.21,8.29,6,0.000096,4.94E-06,0.051445565,0.001608679,1.608679316,0.000154433,9.44
Juvenile,4,32.21,8.29,6,0.1761,0.010128352,0.057514774,0.001798461,1.798460716,0.316708932,9.44
Juvenile,4,32.21,8.29,6,0.07518,0.010152597,0.135043851,0.00422276,4.222759555,0.317467063,9.44
Juvenile,4,32.21,8.29,6,0.09727,0.010908132,0.112142818,0.003506655,3.506654709,0.341092304,9.44
Juvenile,4,32.21,8.29,6,0.09653,0.010893626,0.112852236,0.003528838,3.528837909,0.340638723,9.44
Juvenile,4,32.21,8.29,6,0.07352,0.010966154,0.149158785,0.004664127,4.664127099,0.342906624,9.44
Juvenile,4,32.21,8.29,6,0.07105,0.01085011,0.152710906,0.0047752,4.775200321,0.339277983,9.44
Juvenile,4,32.21,8.29,6,0.06582,0.010182418,0.154700966,0.004837429,4.837428581,0.318399549,9.44
Juvenile,4,32.21,8.29,6,0.06134,0.010937143,0.178303601,0.005575472,5.575472187,0.341999464,9.44
Juvenile,4,32.21,8.29,6,0.13814,0.010893626,0.078859319,0.002465895,2.465894914,0.340638723,9.44
Juvenile,4,32.21,8.29,6,0.06117,0.010953812,0.179071639,0.005599488,5.599488398,0.342520705,9.44
Megalopae,4,32.21,8.29,6,0.000666,8.32E-05,0.124942783,0.003906904,3.90690379,0.002601998,9.44
Megalopae,4,32.21,8.29,6,0.000784,0.00010199,0.130089014,0.004067824,4.067824088,0.003189174,9.44
Megalopae,4,32.21,8.29,6,0.000694,0.000101804,0.146691204,0.004586967,4.586966983,0.003183355,9.44
Megalopae,4,32.21,8.29,6,0.000708,0.00010126,0.143022904,0.004472261,4.472260921,0.003166361,9.44
Megalopae,4,32.21,8.29,6,0.000834,0.000103342,0.123910869,0.003874636,3.874636308,0.003231447,9.44
Megalopae,4,32.21,8.29,6,0.000746,0.000114649,0.153685124,0.004805664,4.805663673,0.003585025,9.44
Megalopae,4,32.21,8.29,6,0.000688,0.000144371,0.209841421,0.006561645,6.561645419,0.004514412,9.44
Megalopae,4,32.21,8.29,6,0.000734,0.000139255,0.189720981,0.005932489,5.932488459,0.004354447,9.44
Megalopae,4,32.21,8.29,6,0.00064,0.000143593,0.224364324,0.00701577,7.015769991,0.004490093,9.44
Megalopae,4,32.21,8.29,6,0.000726,0.000136037,0.187379049,0.005859257,5.859257301,0.004253821,9.44
Adult,6,48.31,12.43,6,0.7619,0.076199449,0.100012401,0.003127342,3.127342134,2.382721972,14.15
Adult,6,48.31,12.43,6,0.6023,0.0601212,0.099819359,0.003121306,3.121305789,1.879962477,14.15
Adult,6,48.31,12.43,6,0.8582,0.047588571,0.05545161,0.001733947,1.733946519,1.488072903,14.15
Adult,6,48.31,12.43,6,0.6023,0.064346387,0.106834447,0.003340664,3.340664384,2.012082159,14.15
Adult,6,48.31,12.43,6,0.8452,0.052667753,0.062313952,0.001948529,1.948528843,1.646896578,14.15
Adult,6,48.31,12.43,6,0.8229,0.072163225,0.087693796,0.002742145,2.742144957,2.256511085,14.15
Adult,6,48.31,12.43,6,0.6057,0.078518955,0.129633407,0.004053578,4.053577463,2.455251869,14.15
Adult,6,48.31,12.43,6,0.7239,0.07058037,0.097500166,0.003048786,3.048785671,2.207015948,14.15
Adult,6,48.31,12.43,6,0.6444,0.05476532,0.08498653,0.00265749,2.657489987,1.712486548,14.15
Adult,6,48.31,12.43,6,0.5803,0.049143184,0.084685824,0.002648087,2.648087055,1.536684918,14.15
Embryo,6,48.31,12.43,6,0.00007185,5.09E-06,0.070865244,0.002215924,2.215923824,0.000159214,14.15
Embryo,6,48.31,12.43,6,0.00008751,0.000004589,0.052439987,0.001639775,1.63977445,0.000143497,14.15
Embryo,6,48.31,12.43,6,0.00008744,0.000004946,0.056564425,0.001768744,1.768743758,0.000154659,14.15
Embryo,6,48.31,12.43,6,0.000091,4.50E-06,0.049431304,0.001545694,1.54569432,0.000140658,14.15
Embryo,6,48.31,12.43,6,0.000094,5.11E-06,0.054397985,0.001701,1.701000158,0.000159894,14.15
Embryo,6,48.31,12.43,6,0.00007142,5.42E-06,0.075885782,0.002372914,2.372913752,0.000169474,14.15
Embryo,6,48.31,12.43,6,0.000079,0.000005521,0.069885489,0.002185287,2.18528734,0.000172638,14.15
Embryo,6,48.31,12.43,6,0.000089,5.06E-06,0.056886758,0.001778823,1.778822957,0.000158315,14.15
Embryo,6,48.31,12.43,6,0.000093428,6.12E-06,0.065489677,0.002047832,2.047832299,0.000191325,14.15
Embryo,6,48.31,12.43,6,0.000091428,5.48E-06,0.059913144,0.001873457,1.873456645,0.000171286,14.15
Juvenile,6,48.31,12.43,6,0.0549,0.016236563,0.295747951,0.009247903,9.247903403,0.507709897,14.15
Juvenile,6,48.31,12.43,6,0.07134,0.01054555,0.147820994,0.004622295,4.622295008,0.329754526,14.15
Juvenile,6,48.31,12.43,6,0.06196,0.017740838,0.286327271,0.008953323,8.953323038,0.554747895,14.15
Juvenile,6,48.31,12.43,6,0.06037,0.01419267,0.235094752,0.007351306,7.351305555,0.443798316,14.15
Juvenile,6,48.31,12.43,6,0.08494,0.016171875,0.190391747,0.005953463,5.953463012,0.505687148,14.15
Juvenile,6,48.31,12.43,6,0.09441,0.016150313,0.171065698,0.005349146,5.349146263,0.505012899,14.15
Juvenile,6,48.31,12.43,6,0.08869,0.01546875,0.174413688,0.005453836,5.453836402,0.483700751,14.15
Juvenile,6,48.31,12.43,6,0.03505,0.01707644,0.487202277,0.015234593,15.23459276,0.533972476,14.15
Juvenile,6,48.31,12.43,6,0.0332,0.014849529,0.447274964,0.013986084,13.98608392,0.464337986,14.15
Megalopae,6,48.31,12.43,6,0.00078,0.000171282,0.219592751,0.006866565,6.866565063,0.005355921,14.15
Megalopae,6,48.31,12.43,6,0.000758,0.000146232,0.192917709,0.006032449,6.032448671,0.004572596,14.15
Megalopae,6,48.31,12.43,6,0.000824,0.000152409,0.184962379,0.005783689,5.783689138,0.00476576,14.15
Megalopae,6,48.31,12.43,6,0.000748,0.000196941,0.263290191,0.008232964,8.232964056,0.006158257,14.15
Megalopae,6,48.31,12.43,6,0.000664,0.000177821,0.267802711,0.008374069,8.374068507,0.005560382,14.15
Megalopae,6,48.31,12.43,6,0.000736,0.000146298,0.198774457,0.006215587,6.215586508,0.004574672,14.15
Megalopae,6,48.31,12.43,6,0.000744,0.000198168,0.266354167,0.008328773,8.328773192,0.006196607,14.15
Megalopae,6,48.31,12.43,6,0.000728,0.000189134,0.259799966,0.008123826,8.123826318,0.005914146,14.15
Megalopae,6,48.31,12.43,6,0.000732,0.000170802,0.233335724,0.007296302,7.296301565,0.005340893,14.15
Megalopae,6,48.31,12.43,6,0.000746,0.000183092,0.245430965,0.007674514,7.674514232,0.005725188,14.15
Adult,9,72.46,18.65,6,0.8677,0.039486304,0.045506862,0.001422979,1.422978806,1.23471871,21.23
Adult,9,72.46,18.65,6,1.0562,0.018779711,0.01778045,0.000555987,0.555986549,0.587232993,21.23
Adult,9,72.46,18.65,6,0.9062,0.0212309,0.023428492,0.000732598,0.73259825,0.663880534,21.23
Adult,9,72.46,18.65,6,1.0256,0.024864778,0.024244128,0.000758103,0.758102817,0.77751025,21.23
Adult,9,72.46,18.65,6,0.9266,0.037050369,0.039985289,0.001250322,1.250321737,1.158548122,21.23
Adult,9,72.46,18.65,6,0.6495,0.043659643,0.067220389,0.002101951,2.101950885,1.3652171,21.23
Adult,9,72.46,18.65,6,1.1178,0.04447797,0.039790633,0.001244235,1.244234927,1.390805802,21.23
Adult,9,72.46,18.65,6,1.3421,0.035523232,0.026468395,0.000827655,0.827654614,1.110795257,21.23
Adult,9,72.46,18.65,6,1.2003,0.033839377,0.028192433,0.000881565,0.881564498,1.058141866,21.23
Adult,9,72.46,18.65,6,0.9347,0.030750131,0.032898396,0.001028718,1.028717821,0.961542547,21.23
Embryo,9,72.46,18.65,6,0.000085,7.44E-06,0.087484594,0.002735603,2.73560331,0.000232526,21.23
Embryo,9,72.46,18.65,6,0.00009028,5.65E-06,0.062611859,0.001957844,1.957844234,0.000176754,21.23
Embryo,9,72.46,18.65,6,0.000084,8.21E-06,0.097707371,0.003055265,3.055264888,0.000256642,21.23
Embryo,9,72.46,18.65,6,0.000084,5.83E-06,0.069351788,0.002168599,2.168598757,0.000182162,21.23
Embryo,9,72.46,18.65,6,0.000088428,8.41E-06,0.095143787,0.002975103,2.975102792,0.000263082,21.23
Embryo,9,72.46,18.65,6,0.000092,9.50E-06,0.103302872,0.003230234,3.230233643,0.000297182,21.23
Embryo,9,72.46,18.65,6,0.000092,7.58E-06,0.082342845,0.002574823,2.574823166,0.000236884,21.23
Embryo,9,72.46,18.65,6,0.000083,9.39E-06,0.113153252,0.003538251,3.538250542,0.000293675,21.23
Embryo,9,72.46,18.65,6,0.000092,8.80E-06,0.095647254,0.002990846,2.990845971,0.000275158,21.23
Embryo,9,72.46,18.65,6,0.000078,0.000008265,0.105961267,0.00331336,3.313360427,0.000258442,21.23
Juvenile,9,72.46,18.65,6,0.08068,0.044739465,0.554529812,0.017339894,17.33989406,1.398982653,21.23
Juvenile,9,72.46,18.65,6,0.17658,0.043031936,0.243696543,0.00762028,7.62027963,1.345588977,21.23
Juvenile,9,72.46,18.65,6,0.08598,0.046598919,0.541973935,0.016947278,16.94727751,1.457126921,21.23
Juvenile,9,72.46,18.65,6,0.05828,0.044276108,0.759713591,0.023755897,23.75589717,1.384493687,21.23
Juvenile,9,72.46,18.65,6,0.09503,0.046177297,0.485923364,0.015194602,15.19460176,1.443943005,21.23
Juvenile,9,72.46,18.65,6,0.08967,0.049969355,0.557258334,0.017425214,17.42521371,1.562518913,21.23
Juvenile,9,72.46,18.65,6,0.1011,0.045243243,0.447509824,0.013993428,13.9934279,1.414735561,21.23
Juvenile,9,72.46,18.65,6,0.07274,0.048043784,0.660486442,0.02065311,20.6531095,1.502307185,21.23
Juvenile,9,72.46,18.65,6,0.1116,0.049802609,0.446259935,0.013954344,13.95434442,1.557304837,21.23
Juvenile,9,72.46,18.65,6,0.07921,0.049601967,0.626208398,0.019581251,19.58125072,1.55103087,21.23
Megalopae,9,72.46,18.65,6,0.000644,0.000338775,0.526048595,0.016449299,16.44929941,0.010593349,21.23
Megalopae,9,72.46,18.65,6,0.000676,0.000335464,0.496248185,0.015517454,15.5174542,0.010489799,21.23
Megalopae,9,72.46,18.65,6,0.000622,0.000353158,0.567778352,0.01775417,17.75416984,0.011043094,21.23
Megalopae,9,72.46,18.65,6,0.00079,0.000362665,0.459069299,0.014354887,14.35488739,0.011340361,21.23
Megalopae,9,72.46,18.65,6,0.000704,0.000376279,0.534486861,0.01671316,16.71316012,0.011766065,21.23
Megalopae,9,72.46,18.65,6,0.000636,0.000226439,0.356036748,0.011133107,11.13310657,0.007080656,21.23
Megalopae,9,72.46,18.65,6,0.00071,0.000285206,0.401698799,0.012560938,12.56093806,0.008918266,21.23
Megalopae,9,72.46,18.65,6,0.000554,0.000208014,0.375476935,0.011740992,11.74099235,0.00650451,21.23
Megalopae,9,72.46,18.65,6,0.000676,0.000255662,0.378198854,0.011826106,11.82610551,0.007994447,21.23
Megalopae,9,72.46,18.65,6,0.000834,0.000265784,0.3186858,0.00996516,9.965159475,0.008310943,21.23
Adult,1,9.31,2.36,12,0.7391,0.037950352,0.051346708,0.001605588,1.605588112,1.186690174,2.36
Adult,1,9.31,2.36,12,0.8401,0.043385743,0.051643546,0.00161487,1.614870091,1.356652363,2.36
Adult,1,9.31,2.36,12,0.545,0.019768317,0.036272141,0.001134213,1.134213289,0.618146242,2.36
Adult,1,9.31,2.36,12,0.7741,0.022189418,0.028664795,0.000896335,0.89633504,0.693852954,2.36
Adult,1,9.31,2.36,12,0.7752,0.024818182,0.032015198,0.001001101,1.001100639,0.776053215,2.36
Adult,1,9.31,2.36,12,0.6631,0.024343886,0.03671224,0.001147975,1.14797498,0.761222209,2.36
Adult,1,9.31,2.36,12,0.6152,0.024773585,0.040269156,0.001259198,1.259198131,0.77465869,2.36
Adult,1,9.31,2.36,12,0.6712,0.033101415,0.049316769,0.001542113,1.54211284,1.035066138,2.36
Adult,1,9.31,2.36,12,0.7601,0.03819514,0.050250152,0.001571299,1.571299298,1.194344596,2.36
Adult,1,9.31,2.36,12,0.8142,0.035570841,0.043688088,0.001366107,1.366106562,1.112283963,2.36
Embryo,1,9.31,2.36,12,0.000102,4.14E-06,0.040607225,0.001269769,1.269769378,0.000129517,2.36
Embryo,1,9.31,2.36,12,0.000103,2.53E-06,0.024596142,0.00076911,0.769110123,7.92E-05,2.36
Embryo,1,9.31,2.36,12,0.000106,2.52E-06,0.023800075,0.000744218,0.744217488,7.89E-05,2.36
Embryo,1,9.31,2.36,12,0.000103,3.81E-06,0.036989102,0.001156632,1.156632346,0.000119133,2.36
Embryo,1,9.31,2.36,12,0.000105,3.65E-06,0.034798304,0.001088127,1.088127071,0.000114253,2.36
Embryo,1,9.31,2.36,12,0.00007314,3.93E-06,0.053717348,0.001679717,1.679716946,0.000122855,2.36
Embryo,1,9.31,2.36,12,0.000078857,4.07E-06,0.051656644,0.00161528,1.615279661,0.000127376,2.36
Embryo,1,9.31,2.36,12,0.000066857,0.000003921,0.058647062,0.001833867,1.833866845,0.000122607,2.36
Embryo,1,9.31,2.36,12,0.000106,3.92E-06,0.036986628,0.001156555,1.15655497,0.000122595,2.36
Embryo,1,9.31,2.36,12,0.00006785,4.23E-06,0.062411245,0.001951571,1.951571136,0.000132414,2.36
Juvenile,1,9.31,2.36,12,0.04867,0.00562,0.115471543,0.003610742,3.610742434,0.175734834,2.36
Juvenile,1,9.31,2.36,12,0.05526,0.006342915,0.114783108,0.003589215,3.589215399,0.198340043,2.36
Juvenile,1,9.31,2.36,12,0.02594,0.003653198,0.140832613,0.004403772,4.403771499,0.114233833,2.36
Juvenile,1,9.31,2.36,12,0.05886,0.005670854,0.096344789,0.003012658,3.012657562,0.177325024,2.36
Juvenile,1,9.31,2.36,12,0.04008,0.0063084,0.15739521,0.004921676,4.921676347,0.197260788,2.36
Juvenile,1,9.31,2.36,12,0.05088,0.0069502,0.136599843,0.004271415,4.271414721,0.217329581,2.36
Juvenile,1,9.31,2.36,12,0.05104,0.005663317,0.110958397,0.003469618,3.469618418,0.177089324,2.36
Juvenile,1,9.31,2.36,12,0.06255,0.006320402,0.101045596,0.00315965,3.159649646,0.197636085,2.36
Megalopae,1,9.31,2.36,12,0.000886,0.000125879,0.142076005,0.004442652,4.442651822,0.00393619,2.36
Megalopae,1,9.31,2.36,12,0.000814,0.000106057,0.130290493,0.004074124,4.074124243,0.003316337,2.36
Megalopae,1,9.31,2.36,12,0.000814,0.000110227,0.135413991,0.004234334,4.23433369,0.003446748,2.36
Megalopae,1,9.31,2.36,12,0.000876,8.48E-05,0.096762231,0.003025711,3.025710786,0.002650523,2.36
Megalopae,1,9.31,2.36,12,0.000846,0.00009348,0.110496454,0.003455174,3.455173668,0.002923077,2.36
Megalopae,1,9.31,2.36,12,0.0007,0.000117301,0.16757303,0.005239932,5.23993214,0.003667953,2.36
Megalopae,1,9.31,2.36,12,0.00088,0.000110863,0.125980819,0.003939363,3.939362701,0.003466639,2.36
Megalopae,1,9.31,2.36,12,0.000684,0.000115131,0.16832032,0.0052633,5.263299563,0.003600097,2.36
Megalopae,1,9.31,2.36,12,0.000664,0.000108602,0.163557196,0.005114359,5.114358844,0.003395934,2.36
Megalopae,1,9.31,2.36,12,0.000666,0.000112524,0.168954361,0.005283126,5.283125733,0.003518562,2.36
Adult,2,18.62,4.71,12,0.7449,0.029032727,0.038975335,0.001218741,1.218740942,0.907840127,4.71
Adult,2,18.62,4.71,12,0.6793,0.037757104,0.05558237,0.001738035,1.738035341,1.180647407,4.71
Adult,2,18.62,4.71,12,0.584,0.045333333,0.077625571,0.002427316,2.427316159,1.417552637,4.71
Adult,2,18.62,4.71,12,0.7597,0.029356771,0.038642584,0.001208336,1.20833597,0.917972836,4.71
Adult,2,18.62,4.71,12,0.6755,0.0671,0.099333827,0.003106123,3.106123415,2.098186367,4.71
Adult,2,18.62,4.71,12,1.0166,0.068606306,0.067486038,0.002110258,2.110257601,2.145287877,4.71
Adult,2,18.62,4.71,12,0.8055,0.051657455,0.064130918,0.002005345,2.005344532,1.61530502,4.71
Adult,2,18.62,4.71,12,0.6603,0.052433274,0.079408259,0.00248306,2.483060012,1.639564526,4.71
Adult,2,18.62,4.71,12,0.6992,0.050184036,0.071773507,0.002244325,2.244324787,1.569231891,4.71
Adult,2,18.62,4.71,12,0.6586,0.049927111,0.075807943,0.00237048,2.370479762,1.561197971,4.71
Embryo,2,18.62,4.71,12,0.00009485,1.64E-06,0.017314642,0.000541421,0.541420953,5.14E-05,4.71
Embryo,2,18.62,4.71,12,0.000101,3.23E-06,0.031997716,0.001000554,1.000553956,0.000101056,4.71
Embryo,2,18.62,4.71,12,0.000106,2.75E-06,0.025974266,0.000812204,0.812203452,8.61E-05,4.71
Embryo,2,18.62,4.71,12,0.000104,0.000002718,0.026134433,0.000817212,0.817211801,0.00008499,4.71
Embryo,2,18.62,4.71,12,0.000082,3.73E-06,0.04547303,0.001421921,1.421920875,0.000116598,4.71
Embryo,2,18.62,4.71,12,0.000105,2.43E-06,0.023148085,0.00072383,0.723830041,7.60E-05,4.71
Embryo,2,18.62,4.71,12,0.000108,3.05E-06,0.028254917,0.000883518,0.883518344,0.00009542,4.71
Embryo,2,18.62,4.71,12,0.00008814,2.58E-06,0.029320665,0.000916844,0.916843822,8.08E-05,4.71
Embryo,2,18.62,4.71,12,0.000103,0.00000251,0.024369063,0.00076201,0.762009471,0.000078487,4.71
Embryo,2,18.62,4.71,12,0.000104,1.96E-06,0.018886689,0.000590578,0.590578136,6.14E-05,4.71
Juvenile,2,18.62,4.71,12,0.06462,0.009235882,0.142926066,0.004469233,4.469232818,0.288801825,4.71
Juvenile,2,18.62,4.71,12,0.02762,0.009174439,0.332166511,0.010386695,10.38669514,0.28688052,4.71
Juvenile,2,18.62,4.71,12,0.05102,0.009248235,0.181266862,0.005668132,5.668132017,0.289188096,4.71
Juvenile,2,18.62,4.71,12,0.06442,0.009256471,0.143689391,0.004493102,4.493101667,0.289445609,4.71
Juvenile,2,18.62,4.71,12,0.04942,0.009992647,0.202198443,0.006322653,6.322653006,0.312465512,4.71
Juvenile,2,18.62,4.71,12,0.02914,0.009302069,0.319219937,0.009981862,9.981861696,0.29087145,4.71
Juvenile,2,18.62,4.71,12,0.04354,0.009500102,0.218192502,0.00682278,6.822779915,0.297063838,4.71
Juvenile,2,18.62,4.71,12,0.03005,0.0094668,0.315034942,0.009850999,9.850998804,0.296022514,4.71
Juvenile,2,18.62,4.71,12,0.03616,0.009556583,0.264286032,0.008264104,8.264103563,0.298829985,4.71
Juvenile,2,18.62,4.71,12,0.03114,0.009570909,0.307350966,0.009610724,9.6107244,0.299277958,4.71
Megalopae,2,18.62,4.71,12,0.00084,0.000102748,0.122319446,0.003824873,3.824873239,0.003212894,4.71
Megalopae,2,18.62,4.71,12,0.000641,0.000156121,0.243558427,0.007615961,7.615960811,0.004881831,4.71
Megalopae,2,18.62,4.71,12,0.000834,0.000123132,0.147640478,0.00461665,4.616650342,0.003850286,4.71
Megalopae,2,18.62,4.71,12,0.00073,0.000130557,0.178844536,0.005592387,5.59238698,0.004082443,4.71
Megalopae,2,18.62,4.71,12,0.00072,0.00012112,0.168221733,0.005260217,5.260216784,0.003787356,4.71
Megalopae,2,18.62,4.71,12,0.00086,9.13E-05,0.106195021,0.00332067,3.320669825,0.002855776,4.71
Megalopae,2,18.62,4.71,12,0.00068,9.52E-05,0.139955014,0.004376329,4.376329401,0.002975904,4.71
Megalopae,2,18.62,4.71,12,0.000826,0.000150406,0.182089514,0.005693856,5.693855964,0.004703125,4.71
Megalopae,2,18.62,4.71,12,0.000888,0.000108497,0.122181153,0.003820549,3.820548859,0.003392647,4.71
Megalopae,2,18.62,4.71,12,0.00076,0.000105407,0.138693485,0.004336882,4.336881952,0.00329603,4.71
Adult,4,37.24,9.43,12,0.8948,0.141442781,0.15807195,0.004942838,4.942837707,4.42285118,9.44
Adult,4,37.24,9.43,12,0.8948,0.172510638,0.192792399,0.00602853,6.028530289,5.394328902,9.44
Adult,4,37.24,9.43,12,0.6444,0.116555027,0.180873722,0.005655839,5.655838712,3.644622466,9.44
Adult,4,37.24,9.43,12,0.6882,0.117306947,0.170454733,0.005330042,5.330041688,3.668134689,9.44
Adult,4,37.24,9.43,12,0.8675,0.129336545,0.149091118,0.004662011,4.662011181,4.0442947,9.44
Adult,4,37.24,9.43,12,0.6575,0.143147407,0.217714688,0.006807839,6.807838902,4.476154078,9.44
Adult,4,37.24,9.43,12,0.6515,0.093427435,0.143403583,0.004484165,4.484164583,2.921433226,9.44
Adult,4,37.24,9.43,12,1.0664,0.150123834,0.140776289,0.00440201,4.402010276,4.694303759,9.44
Adult,4,37.24,9.43,12,0.8048,0.16257641,0.202008462,0.006316712,6.316712384,5.083690127,9.44
Adult,4,37.24,9.43,12,0.9676,0.146257653,0.151155078,0.00472655,4.726550268,4.573410039,9.44
Embryo,4,37.24,9.43,12,0.000103,6.88E-06,0.06677485,0.002088019,2.088019067,0.000215066,9.44
Embryo,4,37.24,9.43,12,0.000101,0.000007898,0.0781979,0.002445213,2.445212633,0.000246967,9.44
Embryo,4,37.24,9.43,12,0.000085,6.95E-06,0.081766976,0.002556816,2.556816006,0.000217329,9.44
Embryo,4,37.24,9.43,12,0.000087,0.000008009,0.092057194,0.002878586,2.87858643,0.000250437,9.44
Embryo,4,37.24,9.43,12,0.00009128,7.13E-06,0.078143412,0.002443509,2.443508824,0.000223044,9.44
Embryo,4,37.24,9.43,12,0.00009271,6.34E-06,0.068335758,0.002136828,2.136827946,0.000198105,9.44
Embryo,4,37.24,9.43,12,0.000101,6.39E-06,0.063281176,0.001978774,1.978773488,0.000199856,9.44
Embryo,4,37.24,9.43,12,0.000101,5.59E-06,0.055352349,0.001730843,1.730842683,0.000174815,9.44
Embryo,4,37.24,9.43,12,0.000103,5.93E-06,0.057526942,0.001798841,1.798841209,0.000185281,9.44
Embryo,4,37.24,9.43,12,0.00009057,6.86E-06,0.075713964,0.002367541,2.367541075,0.000214428,9.44
Juvenile,4,37.24,9.43,12,0.03411,0.01810328,0.530732349,0.016595758,16.59575825,0.566081314,9.44
Juvenile,4,37.24,9.43,12,0.04415,0.014389579,0.325924778,0.010191519,10.19151901,0.449955564,9.44
Juvenile,4,37.24,9.43,12,0.03773,0.017235684,0.456816438,0.014284442,14.28444147,0.538951977,9.44
Juvenile,4,37.24,9.43,12,0.0598,0.016506806,0.27603355,0.008631443,8.631443086,0.516160297,9.44
Juvenile,4,37.24,9.43,12,0.0395,0.01498,0.379240506,0.011858678,11.8586775,0.468417761,9.44
Juvenile,4,37.24,9.43,12,0.05058,0.0191675,0.378954132,0.011849723,11.8497227,0.599358974,9.44
Juvenile,4,37.24,9.43,12,0.04199,0.018354197,0.437108761,0.013668191,13.66819141,0.573927357,9.44
Juvenile,4,37.24,9.43,12,0.05762,0.018493368,0.320953972,0.010036084,10.03608418,0.578279171,9.44
Juvenile,4,37.24,9.43,12,0.07994,0.018251443,0.228314277,0.007139283,7.139283207,0.5707143,9.44
Juvenile,4,37.24,9.43,12,0.06219,0.01835732,0.295181212,0.009230182,9.230181745,0.574025003,9.44
Megalopae,4,37.24,9.43,12,0.00062,0.000196997,0.317736508,0.009935476,9.935475545,0.006159995,9.44
Megalopae,4,37.24,9.43,12,0.00057,0.000167848,0.294469507,0.009207927,9.207927051,0.005248518,9.44
Megalopae,4,37.24,9.43,12,0.00051,0.000177204,0.347459695,0.010864906,10.86490603,0.005541102,9.44
Megalopae,4,37.24,9.43,12,0.00075,0.000186219,0.248292064,0.00776398,7.763979471,0.005822985,9.44
Megalopae,4,37.24,9.43,12,0.000868,0.000182613,0.210383147,0.006578585,6.578584953,0.005710212,9.44
Megalopae,4,37.24,9.43,12,0.000738,0.000177195,0.240102207,0.007507886,7.50788639,0.00554082,9.44
Megalopae,4,37.24,9.43,12,0.00075,0.000179784,0.239712,0.007495685,7.495684803,0.005621764,9.44
Megalopae,4,37.24,9.43,12,0.00071,0.000185215,0.260865996,0.008157161,8.1571606,0.005791584,9.44
Megalopae,4,37.24,9.43,12,0.000834,0.000191126,0.229167523,0.007165964,7.165963825,0.005976414,9.44
Megalopae,4,37.24,9.43,12,0.000834,0.000185257,0.222130867,0.006945931,6.945930792,0.005792906,9.44
Adult,6,55.85,14.14,12,0.662,0.20411871,0.30833642,0.009641539,9.64153907,6.382698864,14.15
Adult,6,55.85,14.14,12,0.623,0.192125455,0.308387568,0.009643138,9.643138446,6.007675252,14.15
Adult,6,55.85,14.14,12,0.7024,0.23999617,0.341680197,0.010684184,10.68418376,7.504570676,14.15
Adult,6,55.85,14.14,12,0.6184,0.155855238,0.252029816,0.007880857,7.88085728,4.873522142,14.15
Adult,6,55.85,14.14,12,0.5462,0.145495579,0.266377845,0.008329514,8.329513603,4.54958033,14.15
Adult,6,55.85,14.14,12,0.621,0.172636021,0.277996813,0.008692833,8.692833431,5.39824956,14.15
Adult,6,55.85,14.14,12,0.8026,0.190680311,0.237578259,0.007428964,7.428963704,5.962486269,14.15
Adult,6,55.85,14.14,12,0.6733,0.236960518,0.351938984,0.011004971,11.00497137,7.409647221,14.15
Adult,6,55.85,14.14,12,1.193,0.164999381,0.138306271,0.004324774,4.324773956,5.15945533,14.15
Adult,6,55.85,14.14,12,0.5708,0.150321231,0.263351841,0.008234892,8.234891835,4.700476259,14.15
Embryo,6,55.85,14.14,12,0.000085,7.69E-06,0.090448902,0.002828296,2.828295877,0.000240405,14.15
Embryo,6,55.85,14.14,12,0.000109,7.77E-06,0.071263273,0.00222837,2.228370017,0.000242892,14.15
Embryo,6,55.85,14.14,12,0.000097,6.21E-06,0.064003485,0.00200136,2.001359767,0.000194132,14.15
Embryo,6,55.85,14.14,12,0.00009242,6.01E-06,0.065045266,0.002033936,2.033935783,0.000187976,14.15
Embryo,6,55.85,14.14,12,0.000103,5.82E-06,0.056472152,0.001765858,1.765858417,0.000181883,14.15
Embryo,6,55.85,14.14,12,0.000092,5.52E-06,0.06003947,0.001877407,1.87740681,0.000172721,14.15
Embryo,6,55.85,14.14,12,0.00007228,6.67E-06,0.09230989,0.002886488,2.88648811,0.000208635,14.15
Embryo,6,55.85,14.14,12,0.000064,6.27E-06,0.097925662,0.003062091,3.062090738,0.000195974,14.15
Embryo,6,55.85,14.14,12,0.00008142,5.21E-06,0.064025034,0.002002034,2.002033597,0.000163006,14.15
Embryo,6,55.85,14.14,12,0.0001,6.08E-06,0.060796484,0.001901078,1.901078284,0.000190108,14.15
Juvenile,6,55.85,14.14,12,0.03411,0.01810328,0.530732349,0.016595758,16.59575825,0.566081314,14.15
Juvenile,6,55.85,14.14,12,0.04415,0.014389579,0.325924778,0.010191519,10.19151901,0.449955564,14.15
Juvenile,6,55.85,14.14,12,0.03773,0.017235684,0.456816438,0.014284442,14.28444147,0.538951977,14.15
Juvenile,6,55.85,14.14,12,0.0598,0.016506806,0.27603355,0.008631443,8.631443086,0.516160297,14.15
Juvenile,6,55.85,14.14,12,0.0395,0.01498,0.379240506,0.011858678,11.8586775,0.468417761,14.15
Juvenile,6,55.85,14.14,12,0.05058,0.0191675,0.378954132,0.011849723,11.8497227,0.599358974,14.15
Juvenile,6,55.85,14.14,12,0.04199,0.018354197,0.437108761,0.013668191,13.66819141,0.573927357,14.15
Juvenile,6,55.85,14.14,12,0.05762,0.018493368,0.320953972,0.010036084,10.03608418,0.578279171,14.15
Juvenile,6,55.85,14.14,12,0.07994,0.018251443,0.228314277,0.007139283,7.139283207,0.5707143,14.15
Juvenile,6,55.85,14.14,12,0.06219,0.01835732,0.295181212,0.009230182,9.230181745,0.574025003,14.15
Megalopae,6,55.85,14.14,12,0.000588,0.000282732,0.480836206,0.015035529,15.03552864,0.008840891,14.15
Megalopae,6,55.85,14.14,12,0.000574,0.000211622,0.368679443,0.011528438,11.52843785,0.006617323,14.15
Megalopae,6,55.85,14.14,12,0.000494,0.000249005,0.504057692,0.015761654,15.76165392,0.007786257,14.15
Megalopae,6,55.85,14.14,12,0.000832,0.000272993,0.328116089,0.01026004,10.26004032,0.008536354,14.15
Megalopae,6,55.85,14.14,12,0.00088,0.000226028,0.25685019,0.008031588,8.031588192,0.007067798,14.15
Megalopae,6,55.85,14.14,12,0.000914,0.000232244,0.254096395,0.007945478,7.945478257,0.007262167,14.15
Megalopae,6,55.85,14.14,12,0.000744,0.000221275,0.29741243,0.009299951,9.299950917,0.006919164,14.15
Megalopae,6,55.85,14.14,12,0.000898,0.000289437,0.32231311,0.010078584,10.0785838,0.009050568,14.15
Megalopae,6,55.85,14.14,12,0.0006,0.000342124,0.570206702,0.017830103,17.83010324,0.010698062,14.15
Megalopae,6,55.85,14.14,12,0.00063,0.000343204,0.544767988,0.017034646,17.03464628,0.010731827,14.15
Adult,9,83.78,21.21,12,0.6349,0.205376175,0.323477988,0.010115009,10.11500902,6.422019227,21.23
Adult,9,83.78,21.21,12,0.9365,0.224575165,0.239802632,0.007498519,7.498518823,7.022362878,21.23
Adult,9,83.78,21.21,12,1.0501,0.202278681,0.192628018,0.00602339,6.02339017,6.325162018,21.23
Adult,9,83.78,21.21,12,0.7858,0.216638142,0.275691196,0.008620738,8.620737847,6.7741758,21.23
Adult,9,83.78,21.21,12,0.7558,0.201022623,0.265973304,0.008316864,8.316863781,6.285885646,21.23
Adult,9,83.78,21.21,12,0.7935,0.237165622,0.298885472,0.009346012,9.346012242,7.416060714,21.23
Adult,9,83.78,21.21,12,0.7907,0.191780645,0.242545397,0.007584284,7.584283824,5.99689322,21.23
Adult,9,83.78,21.21,12,0.6304,0.208489247,0.330725329,0.01034163,10.34163005,6.519363581,21.23
Adult,9,83.78,21.21,12,0.8024,0.15814631,0.197091613,0.006162965,6.162964755,4.945162919,21.23
Adult,9,83.78,21.21,12,0.7906,0.165812128,0.209729481,0.006558145,6.558145121,5.184869533,21.23
Embryo,9,83.78,21.21,12,0.000079,0.00000818,0.103544113,0.003237777,3.237777156,0.000255784,21.23
Embryo,9,83.78,21.21,12,0.000082,0.000013647,0.166427311,0.005204106,5.204106024,0.000426737,21.23
Embryo,9,83.78,21.21,12,0.000092,9.25E-06,0.10053837,0.003143789,3.143788943,0.000289229,21.23
Embryo,9,83.78,21.21,12,0.000085,7.57E-06,0.089030838,0.002783954,2.783953662,0.000236636,21.23
Embryo,9,83.78,21.21,12,0.00008,8.68E-06,0.108467446,0.003391728,3.391727516,0.000271338,21.23
Embryo,9,83.78,21.21,12,0.000085,7.73E-06,0.090920798,0.002843052,2.843051855,0.000241659,21.23
Embryo,9,83.78,21.21,12,0.000071,7.14E-06,0.100503971,0.003142713,3.142713296,0.000223133,21.23
Embryo,9,83.78,21.21,12,0.000084,1.05E-05,0.124796455,0.003902328,3.902328187,0.000327796,21.23
Embryo,9,83.78,21.21,12,0.000074,7.22E-06,0.097601351,0.00305195,3.051949698,0.000225844,21.23
Embryo,9,83.78,21.21,12,0.000071,7.84E-06,0.110458011,0.003453972,3.453971583,0.000245232,21.23
Juvenile,9,83.78,21.21,12,0.13244,0.052413262,0.395750997,0.012374953,12.374953,1.638938775,21.23
Juvenile,9,83.78,21.21,12,0.11143,0.052835699,0.47416045,0.014826781,14.8267808,1.652148184,21.23
Juvenile,9,83.78,21.21,12,0.09013,0.044738172,0.496373816,0.015521383,15.52138262,1.398942215,21.23
Juvenile,9,83.78,21.21,12,0.08137,0.044010909,0.540873898,0.01691288,16.91287987,1.376201035,21.23
Juvenile,9,83.78,21.21,12,0.09025,0.043208877,0.47876872,0.014970879,14.97087931,1.351121858,21.23
Juvenile,9,83.78,21.21,12,0.06886,0.04559617,0.662157569,0.020705365,20.70536489,1.425771426,21.23
Juvenile,9,83.78,21.21,12,0.07991,0.047702128,0.596948162,0.018666297,18.66629651,1.491623754,21.23
Juvenile,9,83.78,21.21,12,0.08316,0.044360638,0.533437209,0.016680338,16.68033799,1.387136907,21.23
Juvenile,9,83.78,21.21,12,0.07659,0.052088085,0.680089896,0.021266101,21.26610055,1.628770641,21.23
Megalopae,9,83.78,21.21,12,0.000738,0.000751414,1.018175485,0.031837883,31.83788259,0.023496357,21.23
Megalopae,9,83.78,21.21,12,0.000641,0.000355899,0.555225029,0.017361633,17.36163316,0.011128807,21.23
Megalopae,9,83.78,21.21,12,0.000834,0.000385871,0.462674402,0.014467617,14.46761734,0.012065993,21.23
Megalopae,9,83.78,21.21,12,0.00073,0.000324204,0.44411498,0.013887273,13.88727266,0.010137709,21.23
Megalopae,9,83.78,21.21,12,0.00071,0.000621348,0.875138028,0.027365167,27.36516661,0.019429268,21.23
Megalopae,9,83.78,21.21,12,0.0008,0.000553956,0.692444348,0.021652419,21.65241863,0.017321935,21.23
Megalopae,9,83.78,21.21,12,0.00065,0.000527553,0.81162,0.025378987,25.37898687,0.016496342,21.23
Megalopae,9,83.78,21.21,12,0.00082,0.000563153,0.686771342,0.021475026,21.47502631,0.017609522,21.23
Adult,1,10.6,2.65,18,0.8608,0.059745376,0.069406803,0.002170319,2.170319055,1.868210642,2.36
Adult,1,10.6,2.65,18,1.2936,0.052973404,0.040950374,0.0012805,1.280499511,1.656454167,2.36
Adult,1,10.6,2.65,18,1.0934,0.090372421,0.082652662,0.002584511,2.584511019,2.825904348,2.36
Adult,1,10.6,2.65,18,1.1862,0.090431958,0.076236687,0.002383886,2.383886386,2.827766031,2.36
Adult,1,10.6,2.65,18,1.0806,0.059425532,0.054993089,0.001719609,1.719608785,1.858209253,2.36
Adult,1,10.6,2.65,18,0.9273,0.07988765,0.086150815,0.002693897,2.693896638,2.498050353,2.36
Adult,1,10.6,2.65,18,0.861,0.075851934,0.088097484,0.002754768,2.754768104,2.371855338,2.36
Adult,1,10.6,2.65,18,0.8264,0.091427692,0.110633703,0.003459465,3.45946539,2.858902199,2.36
Adult,1,10.6,2.65,18,0.7812,0.073256216,0.093773958,0.002932269,2.932268865,2.290688437,2.36
Adult,1,10.6,2.65,18,0.9766,0.063885838,0.065416586,0.002045547,2.045546778,1.997680983,2.36
Embryo,1,10.6,2.65,18,0.000076,3.53E-06,0.046462077,0.001452848,1.452847938,0.000110416,2.36
Embryo,1,10.6,2.65,18,0.00009642,3.13E-06,0.032469207,0.001015297,1.01529727,0.000097895,2.36
Embryo,1,10.6,2.65,18,0.00009642,3.45E-06,0.035761357,0.001118241,1.118241302,0.000107821,2.36
Embryo,1,10.6,2.65,18,0.00009471,3.67E-06,0.038737932,0.001211318,1.211317457,0.000114724,2.36
Embryo,1,10.6,2.65,18,0.00010085,4.69E-06,0.046551601,0.001455647,1.455647314,0.000146802,2.36
Embryo,1,10.6,2.65,18,0.000089,4.53E-06,0.050889575,0.001591294,1.591293765,0.000141625,2.36
Embryo,1,10.6,2.65,18,0.000075,4.96E-06,0.06607677,0.00206619,2.066190437,0.000154964,2.36
Embryo,1,10.6,2.65,18,0.000071,4.17E-06,0.05877731,0.00183794,1.837939644,0.000130494,2.36
Embryo,1,10.6,2.65,18,0.000087,5.03E-06,0.057840621,0.00180865,1.808649797,0.000157353,2.36
Embryo,1,10.6,2.65,18,0.000085,4.23E-06,0.049707709,0.001554337,1.554337372,0.000132119,2.36
Juvenile,1,10.6,2.65,18,0.04914,0.005022222,0.102202324,0.00319582,3.195820026,0.157042596,2.36
Juvenile,1,10.6,2.65,18,0.05567,0.007764268,0.139469513,0.004361148,4.361147995,0.242785109,2.36
Juvenile,1,10.6,2.65,18,0.01865,0.008917901,0.478171611,0.014952208,14.95220799,0.278858679,2.36
Juvenile,1,10.6,2.65,18,0.03018,0.008709392,0.288581586,0.009023814,9.023814446,0.27233872,2.36
Juvenile,1,10.6,2.65,18,0.03659,0.009433187,0.257807784,0.008061532,8.061531704,0.294971445,2.36
Juvenile,1,10.6,2.65,18,0.03301,0.003808475,0.115373359,0.003607672,3.60767226,0.119089261,2.36
Juvenile,1,10.6,2.65,18,0.02028,0.004902857,0.241758242,0.00755967,7.559669849,0.153310105,2.36
Juvenile,1,10.6,2.65,18,0.01912,0.002628954,0.137497593,0.004299487,4.299486955,0.082206191,2.36
Juvenile,1,10.6,2.65,18,0.06499,0.008092444,0.124518302,0.003893631,3.893630455,0.253047043,2.36
Juvenile,1,10.6,2.65,18,0.03246,0.006154286,0.189595986,0.00592858,5.928579933,0.192441705,2.36
Megalopae,9,83.78,21.21,12,0.000722,0.000351646,0.487044534,0.01522966,15.22966024,0.010995815,21.23
Megalopae,1,10.6,2.65,18,0.000758,0.000119047,0.157053397,0.004910988,4.910988037,0.003722529,2.36
Megalopae,1,10.6,2.65,18,0.00061,8.44E-05,0.13834069,0.00432585,4.325850219,0.002638769,2.36
Megalopae,1,10.6,2.65,18,0.000794,9.94E-05,0.125145794,0.003913252,3.913251828,0.003107122,2.36
Megalopae,1,10.6,2.65,18,0.000696,0.000111106,0.159634899,0.00499171,4.991710401,0.00347423,2.36
Megalopae,1,10.6,2.65,18,0.000838,0.000133765,0.159623997,0.00499137,4.991369498,0.004182768,2.36
Megalopae,1,10.6,2.65,18,0.000725,0.000113594,0.156681477,0.004899358,4.899358266,0.003552035,2.36
Megalopae,1,10.6,2.65,18,0.000798,0.000105988,0.13281694,0.004153125,4.153125088,0.003314194,2.36
Megalopae,1,10.6,2.65,18,0.000698,0.00010573,0.151475601,0.004736573,4.736572877,0.003306128,2.36
Megalopae,1,10.6,2.65,18,0.000872,0.000102288,0.117302185,0.003667986,3.667985766,0.003198484,2.36
Megalopae,1,10.6,2.65,18,0.00062,0.000109165,0.176073174,0.005505728,5.505727767,0.003413551,2.36
Adult,2,21.21,5.3,18,0.9299,0.068751111,0.073933876,0.002311879,2.311878543,2.149815857,4.71
Adult,2,21.21,5.3,18,0.8918,0.071485946,0.080159168,0.002506541,2.506540585,2.235332894,4.71
Adult,2,21.21,5.3,18,0.8547,0.07638385,0.089369194,0.002794534,2.794533902,2.388488126,4.71
Adult,2,21.21,5.3,18,0.7174,0.035179355,0.049037294,0.001533374,1.533373802,1.100042365,4.71
Adult,2,21.21,5.3,18,1.0409,0.080917391,0.077737911,0.002430829,2.430828979,2.530249884,4.71
Adult,2,21.21,5.3,18,0.6725,0.055762766,0.082918611,0.002592827,2.592827114,1.743676234,4.71
Adult,2,21.21,5.3,18,1.0687,0.073796364,0.06905246,0.002159239,2.159238889,2.3075786,4.71
Adult,2,21.21,5.3,18,0.9154,0.062495829,0.068271607,0.002134822,2.134821977,1.954216037,4.71
Adult,2,21.21,5.3,18,0.8563,0.066263743,0.077383795,0.002419756,2.419755929,2.072037002,4.71
Adult,2,21.21,5.3,18,0.8478,0.084867725,0.100103474,0.00313019,3.130189917,2.653775012,4.71
Embryo,2,21.21,5.3,18,0.00008,5.15E-06,0.064328708,0.002011529,2.011529315,0.000160922,4.71
Embryo,2,21.21,5.3,18,0.000085,5.88E-06,0.069209412,0.002164147,2.164146709,0.000183953,4.71
Embryo,2,21.21,5.3,18,0.000092,3.31E-06,0.036004259,0.001125837,1.125836745,0.000103577,4.71
Embryo,2,21.21,5.3,18,0.000097,4.51E-06,0.046480873,0.001453436,1.453435674,0.000140983,4.71
Embryo,2,21.21,5.3,18,0.00007,6.88E-06,0.098332498,0.003074812,3.074812322,0.000215237,4.71
Embryo,2,21.21,5.3,18,0.000085,5.87E-06,0.069044676,0.002158996,2.1589955,0.000183515,4.71
Embryo,2,21.21,5.3,18,0.000087,5.14E-06,0.059091227,0.001847756,1.847755677,0.000160755,4.71
Embryo,2,21.21,5.3,18,0.0001,5.63E-06,0.056288544,0.001760117,1.760117083,0.000176012,4.71
Embryo,2,21.21,5.3,18,0.000086,3.98E-06,0.046291896,0.001447527,1.447526461,0.000124487,4.71
Embryo,2,21.21,5.3,18,0.000079,4.06E-06,0.05142658,0.001608086,1.608085678,0.000127039,4.71
Juvenile,2,21.21,5.3,18,0.02588,0.008285652,0.320156576,0.01001115,10.01114995,0.259088561,4.71
Juvenile,2,21.21,5.3,18,0.0306,0.010517377,0.343705132,0.010747503,10.74750257,0.328873579,4.71
Juvenile,2,21.21,5.3,18,0.05265,0.005492667,0.104324153,0.003262169,3.262168643,0.171753179,4.71
Juvenile,2,21.21,5.3,18,0.08445,0.006398829,0.075770615,0.002369313,2.369312545,0.200088444,4.71
Juvenile,2,21.21,5.3,18,0.03673,0.009311667,0.253516653,0.00792735,7.927350002,0.291171566,4.71
Juvenile,2,21.21,5.3,18,0.0362,0.006209945,0.171545435,0.005364147,5.36414744,0.194182137,4.71
Juvenile,2,21.21,5.3,18,0.02851,0.016487182,0.578294715,0.018083012,18.08301172,0.515546664,4.71
Juvenile,2,21.21,5.3,18,0.04267,0.018937017,0.443801654,0.013877475,13.87747511,0.592151863,4.71
Juvenile,2,21.21,5.3,18,0.05203,0.015266851,0.293424002,0.009175235,9.175234587,0.477387456,4.71
Juvenile,2,21.21,5.3,18,0.04373,0.015122637,0.345818371,0.010813583,10.81358258,0.472877966,4.71
Megalopae,2,21.21,5.3,18,0.000653,0.00011209,0.171654368,0.005367554,5.367553728,0.003505013,4.71
Megalopae,2,21.21,5.3,18,0.000688,8.85E-05,0.128575068,0.004020484,4.02048369,0.002766093,4.71
Megalopae,2,21.21,5.3,18,0.00074,8.23E-05,0.1112589,0.003479015,3.479015018,0.002574471,4.71
Megalopae,2,21.21,5.3,18,0.000594,9.38E-05,0.157982585,0.004940043,4.940043292,0.002934386,4.71
Megalopae,2,21.21,5.3,18,0.000576,0.000111278,0.193190066,0.006040965,6.040965156,0.003479596,4.71
Megalopae,2,21.21,5.3,18,0.000722,0.000123487,0.171035247,0.005348194,5.348194088,0.003861396,4.71
Megalopae,2,21.21,5.3,18,0.000816,0.00013816,0.169314257,0.00529438,5.29437951,0.004320214,4.71
Megalopae,2,21.21,5.3,18,0.000638,0.000119731,0.187666198,0.005868236,5.868236343,0.003743935,4.71
Megalopae,2,21.21,5.3,18,0.000706,0.000132468,0.187631393,0.005867148,5.867148003,0.004142207,4.71
Megalopae,2,21.21,5.3,18,0.000768,0.000128205,0.166933498,0.005219934,5.219934257,0.00400891,4.71
Adult,4,42.42,10.6,18,1.5711,0.045834396,0.029173443,0.00091224,0.91224023,1.433220626,9.44
Adult,4,42.42,10.6,18,0.9456,0.04209071,0.044512173,0.001391875,1.391875315,1.316157298,9.44
Adult,4,42.42,10.6,18,0.9291,0.130731848,0.140708049,0.004399876,4.399876437,4.087925198,9.44
Adult,4,42.42,10.6,18,0.9869,0.038685405,0.039198911,0.001225732,1.225732056,1.209674966,9.44
Adult,4,42.42,10.6,18,0.9007,0.063880326,0.070922978,0.002217729,2.217729136,1.997508633,9.44
Adult,4,42.42,10.6,18,0.7487,0.124251135,0.165955837,0.005189363,5.189363257,3.885276271,9.44
Adult,4,42.42,10.6,18,0.7894,0.150908478,0.191168582,0.005977754,5.977754269,4.71883922,9.44
Adult,4,42.42,10.6,18,0.7785,0.132489348,0.170185418,0.00532162,5.321620322,4.142881421,9.44
Adult,4,42.42,10.6,18,0.75364,0.09906,0.131442068,0.004110134,4.110133453,3.097560976,9.44
Adult,4,42.42,10.6,18,0.7319,0.112971429,0.154353639,0.004826568,4.826567832,3.532564996,9.44
Embryo,4,42.42,10.6,18,0.000084,6.33E-06,0.075302556,0.002354677,2.354676547,0.000197793,9.44
Embryo,4,42.42,10.6,18,0.000097,6.55E-06,0.06750607,0.002110884,2.110883982,0.000204756,9.44
Embryo,4,42.42,10.6,18,0.000088,0.000007157,0.081329404,0.002543133,2.543133321,0.000223796,9.44
Embryo,4,42.42,10.6,18,0.000075,0.000007653,0.102039612,0.003190732,3.190732072,0.000239305,9.44
Embryo,4,42.42,10.6,18,0.000087,6.08E-06,0.069922043,0.00218643,2.186430367,0.000190219,9.44
Embryo,4,42.42,10.6,18,0.000092,6.09E-06,0.066204969,0.002070199,2.070199154,0.000190458,9.44
Embryo,4,42.42,10.6,18,0.000097,6.12E-06,0.063143401,0.001974465,1.974465306,0.000191523,9.44
Embryo,4,42.42,10.6,18,0.00008842,7.10E-06,0.080252144,0.002509448,2.509447911,0.000221885,9.44
Embryo,4,42.42,10.6,18,0.000101,6.04E-06,0.059812911,0.001870322,1.870322424,0.000188903,9.44
Embryo,4,42.42,10.6,18,0.000095,7.89E-06,0.083019987,0.002595997,2.595997088,0.00024662,9.44
Juvenile,4,42.42,10.6,18,0.04308,0.021185882,0.491779999,0.015377736,15.37773605,0.662472869,9.44
Juvenile,4,42.42,10.6,18,0.05346,0.018223743,0.340885584,0.010659337,10.65933658,0.569848134,9.44
Juvenile,4,42.42,10.6,18,0.05819,0.022549947,0.387522711,0.012117658,12.11765824,0.705126533,9.44
Juvenile,4,42.42,10.6,18,0.05156,0.019636383,0.380845287,0.011908858,11.90885824,0.614020731,9.44
Juvenile,4,42.42,10.6,18,0.05307,0.021743192,0.409707773,0.012811375,12.811375,0.679899671,9.44
Juvenile,4,42.42,10.6,18,0.04959,0.021017021,0.423815714,0.013252524,13.2525239,0.65719266,9.44
Juvenile,4,42.42,10.6,18,0.05005,0.018859149,0.376806173,0.011782557,11.78255699,0.589716977,9.44
Juvenile,4,42.42,10.6,18,0.04095,0.011770426,0.287434079,0.008987932,8.987932424,0.368055833,9.44
Juvenile,4,42.42,10.6,18,0.05541,0.015177143,0.273906206,0.008564922,8.564922004,0.474582328,9.44
Juvenile,4,42.42,10.6,18,0.04544,0.015987831,0.351844866,0.011002028,11.00202831,0.499932167,9.44
Megalopae,4,42.42,10.6,18,0.000622,0.000124108,0.199529942,0.00623921,6.239210186,0.003880789,9.44
Megalopae,4,42.42,10.6,18,0.000824,0.000130583,0.158473863,0.004955405,4.955405345,0.004083254,9.44
Megalopae,4,42.42,10.6,18,0.000702,0.000110152,0.156910951,0.004906534,4.906533806,0.003444387,9.44
Megalopae,4,42.42,10.6,18,0.000852,0.000129764,0.152305002,0.004762508,4.762507893,0.004057657,9.44
Megalopae,4,42.42,10.6,18,0.000844,0.000124901,0.147986366,0.004627466,4.627466093,0.003905581,9.44
Megalopae,4,42.42,10.6,18,0.000829,0.000135009,0.162857286,0.005092473,5.092472967,0.00422166,9.44
Megalopae,4,42.42,10.6,18,0.00075,0.000125187,0.166915862,0.005219383,5.219382804,0.003914537,9.44
Megalopae,4,42.42,10.6,18,0.000768,0.000119003,0.154951201,0.004845253,4.845253306,0.003721155,9.44
Megalopae,4,42.42,10.6,18,0.000693,0.000113332,0.163538097,0.005113762,5.113761644,0.003543837,9.44
Megalopae,4,42.42,10.6,18,0.000632,8.33E-05,0.131860074,0.004123204,4.123204302,0.002605865,9.44
Adult,6,63.63,15.89,18,1.0027,0.118584,0.118264685,0.003698083,3.698082719,3.708067542,14.15
Adult,6,63.63,15.89,18,1.137,0.154727735,0.1360842,0.004255291,4.25529079,4.838265629,14.15
Adult,6,63.63,15.89,18,1.0615,0.199754333,0.18818119,0.00588434,5.884339904,6.246226808,14.15
Adult,6,63.63,15.89,18,0.9449,0.196977049,0.208463382,0.006518555,6.518554769,6.159382401,14.15
Adult,6,63.63,15.89,18,1.3356,0.104529945,0.078264409,0.002447292,2.447292341,3.268603651,14.15
Adult,6,63.63,15.89,18,0.795,0.13996442,0.176055874,0.005505187,5.505186807,4.376623511,14.15
Adult,6,63.63,15.89,18,0.7812,0.120685055,0.154486758,0.00483073,4.830730378,3.773766571,14.15
Adult,6,63.63,15.89,18,0.8128,0.155967692,0.191889385,0.006000294,6.000293472,4.877038534,14.15
Embryo,6,63.63,15.89,18,0.000087,1.02E-05,0.117651155,0.003678898,3.678897905,0.000320064,14.15
Embryo,6,63.63,15.89,18,0.000075,1.10E-05,0.14694147,0.004594793,4.594792689,0.00034461,14.15
Embryo,6,63.63,15.89,18,0.000092,1.18E-05,0.128591208,0.004020988,4.020988364,0.000369931,14.15
Embryo,6,63.63,15.89,18,0.000082,1.02E-05,0.124958615,0.003907399,3.907398851,0.000320407,14.15
Embryo,6,63.63,15.89,18,0.000087,1.04E-05,0.119155307,0.003725932,3.725932053,0.000324156,14.15
Embryo,6,63.63,15.89,18,0.000088,1.05E-05,0.119586462,0.003739414,3.739414064,0.000329068,14.15
Embryo,6,63.63,15.89,18,0.000088,1.10E-05,0.125128075,0.003912698,3.912697764,0.000344317,14.15
Embryo,6,63.63,15.89,18,0.000093,1.03E-05,0.110245825,0.003447337,3.44733662,0.000320602,14.15
Embryo,6,63.63,15.89,18,0.000094,1.23E-05,0.130479461,0.004080033,4.080033186,0.000383523,14.15
Embryo,6,63.63,15.89,18,0.000098,1.25E-05,0.127396408,0.003983628,3.983627508,0.000390396,14.15
Juvenile,6,63.63,15.89,18,0.0529,0.013921244,0.263161503,0.00822894,8.228940065,0.435310929,14.15
Juvenile,6,63.63,15.89,18,0.02264,0.016711385,0.738135363,0.023081156,23.08115581,0.522557368,14.15
Juvenile,6,63.63,15.89,18,0.03935,0.011748308,0.298559281,0.009335812,9.335812402,0.367364218,14.15
Juvenile,6,63.63,15.89,18,0.02645,0.016008,0.605217391,0.018924872,18.92487152,0.500562852,14.15
Juvenile,6,63.63,15.89,18,0.0421,0.014486769,0.344103782,0.010759968,10.75996817,0.45299466,14.15
Juvenile,6,63.63,15.89,18,0.03136,0.013954639,0.444982117,0.013914388,13.91438763,0.436355196,14.15
Juvenile,6,63.63,15.89,18,0.05295,0.019484536,0.367979907,0.011506564,11.5065637,0.609272548,14.15
Juvenile,6,63.63,15.89,18,0.05675,0.01732732,0.305327217,0.009547443,9.547442696,0.541817373,14.15
Megalopae,6,63.63,15.89,18,0.000803,0.000541811,0.674733927,0.021098622,21.09862185,0.016942193,14.15
Megalopae,6,63.63,15.89,18,0.000834,0.000586258,0.702947717,0.021980854,21.98085419,0.018332032,14.15
Megalopae,6,63.63,15.89,18,0.000738,0.000456661,0.618781212,0.019349006,19.34900601,0.014279566,14.15
Megalopae,6,63.63,15.89,18,0.000642,0.000554623,0.863897937,0.027013694,27.01369408,0.017342792,14.15
Megalopae,6,63.63,15.89,18,0.000834,0.000499119,0.598464278,0.018713705,18.71370476,0.01560723,14.15
Megalopae,6,63.63,15.89,18,0.00078,0.000547956,0.702507997,0.021967104,21.96710435,0.017134341,14.15
Megalopae,6,63.63,15.89,18,0.000619,0.000422239,0.682130872,0.021329921,21.32992096,0.013203221,14.15
Megalopae,6,63.63,15.89,18,0.000651,0.000425346,0.653373363,0.020430687,20.43068678,0.013300377,14.15
Adult,6,63.63,15.89,18,0.8951,0.120734506,0.134883818,0.004217755,4.21775541,3.775312867,14.15
Adult,9,95.44,23.84,18,1.2191,0.16198278,0.13287079,0.004154809,4.154808948,5.065127588,21.23
Adult,9,95.44,23.84,18,1.0393,0.0970368,0.093367459,0.002919558,2.919557813,3.034296435,21.23
Adult,9,95.44,23.84,18,0.7614,0.128584286,0.168878757,0.005280762,5.280761638,4.020771911,21.23
Adult,9,95.44,23.84,18,1.1471,0.144652197,0.126102517,0.003943168,3.943168138,4.523208171,21.23
Adult,9,95.44,23.84,18,0.709,0.127910769,0.180410112,0.005641342,5.641341831,3.999711358,21.23
Adult,9,95.44,23.84,18,0.9949,0.121452512,0.122075095,0.003817233,3.817232484,3.797764598,21.23
Adult,9,95.44,23.84,18,0.9532,0.074397143,0.078049877,0.002440584,2.440584025,2.326364692,21.23
Adult,9,95.44,23.84,18,0.814,0.082400769,0.101229446,0.003165399,3.165398569,2.576634435,21.23
Adult,9,95.44,23.84,18,0.7775,0.133213333,0.171335477,0.005357582,5.357582144,4.165520117,21.23
Adult,9,95.44,23.84,18,1.509,0.102646377,0.068022781,0.002127041,2.127041313,3.209705341,21.23
Embryo,9,95.44,23.84,18,0.000085,1.61E-05,0.18907238,0.005912207,5.912206988,0.000502538,21.23
Embryo,9,95.44,23.84,18,0.000087,2.05E-05,0.235428571,0.007361744,7.361743947,0.000640472,21.23
Embryo,9,95.44,23.84,18,0.000084,1.84E-05,0.219240549,0.006855552,6.855551866,0.000575866,21.23
Embryo,9,95.44,23.84,18,0.000085,2.00E-05,0.235378206,0.007360169,7.360169055,0.000625614,21.23
Embryo,9,95.44,23.84,18,0.000071,1.85E-05,0.261247881,0.008169102,8.169101961,0.000580006,21.23
Embryo,9,95.44,23.84,18,0.000074,1.64E-05,0.221155504,0.006915432,6.91543163,0.000511742,21.23
Embryo,9,95.44,23.84,18,0.000085,1.60E-05,0.188310236,0.005888375,5.888375096,0.000500512,21.23
Embryo,9,95.44,23.84,18,0.000087,1.74E-05,0.200446806,0.00626788,6.267880116,0.000545306,21.23
Embryo,9,95.44,23.84,18,0.000092,1.75E-05,0.190757754,0.005964908,5.964907873,0.000548772,21.23
Embryo,9,95.44,23.84,18,0.000096,0.000016261,0.169384924,0.005296589,5.29658924,0.000508473,21.23
Juvenile,6,63.63,15.89,18,0.04353,0.018763608,0.43105004,0.013478738,13.47873797,0.586729464,14.15
Juvenile,9,95.44,23.84,18,0.06937,0.044123535,0.63606076,0.01988933,19.88932956,1.379722792,21.23
Juvenile,9,95.44,23.84,18,0.05203,0.048616808,0.934399529,0.029218247,29.2182467,1.520225376,21.23
Juvenile,9,95.44,23.84,18,0.04292,0.048120943,1.121177619,0.035058712,35.05871228,1.504719931,21.23
Juvenile,9,95.44,23.84,18,0.04715,0.051019245,1.082062466,0.033835599,33.83559932,1.595348508,21.23
Juvenile,9,95.44,23.84,18,0.0528,0.048263318,0.914077984,0.028582801,28.58280124,1.509171905,21.23
Juvenile,9,95.44,23.84,18,0.05045,0.048027678,0.951985683,0.029768158,29.7681577,1.501803556,21.23
Megalopae,6,63.63,15.89,18,0.000752,0.000479254,0.637305983,0.019928267,19.92826713,0.014986057,14.15
Megalopae,9,95.44,23.84,18,0.000738,0.00090801,1.2303655,0.038472968,38.47296749,0.02839305,21.23
Megalopae,9,95.44,23.84,18,0.000641,0.000647012,1.009378643,0.031562809,31.56280935,0.020231761,21.23
Megalopae,9,95.44,23.84,18,0.00075,0.000651302,0.868402705,0.027154556,27.15455614,0.020365917,21.23
Megalopae,9,95.44,23.84,18,0.00067,0.000666233,0.994378023,0.031093747,31.09374681,0.02083281,21.23
Megalopae,9,95.44,23.84,18,0.00078,0.000658177,0.843816054,0.026385743,26.38574276,0.020580879,21.23
Megalopae,9,95.44,23.84,18,0.00085,0.000706849,0.831587519,0.026003362,26.00336208,0.022102858,21.23
Megalopae,9,95.44,23.84,18,0.00065,0.00083124,1.278830769,0.039988454,39.98845432,0.025992495,21.23
Megalopae,9,95.44,23.84,18,0.000634,0.000773768,1.220454442,0.038163053,38.16305321,0.024195376,21.23
Juvenile,9,95.44,23.84,18,0.0493,0.048514667,0.984070318,0.03077143,30.77142957,1.517031478,21.23
Juvenile,9,95.44,23.84,18,0.03181,0.048984191,1.539899103,0.048151942,48.15194194,1.531713273,21.23
